tool_id,project_id,company_id
2649,2649,2642
2650,2650,2643
2651,2651,2644
2652,2652,2645
2653,2653,2646
2654,2654,2647
2655,2655,2648
2656,2656,2649
2657,2657,2650
2658,2658,2651
2659,2659,2652
2660,2660,2653
2661,2661,2654
2662,2662,2655
2663,2663,2656
2664,2664,2657
2665,2665,2658
2666,2666,2659
2667,2667,2660
2668,2668,2661
2669,2669,2662
2670,2670,2663
2671,2671,2664
2672,2672,2665
2673,2673,2666
2674,2674,2667
2675,2675,2668
2676,2676,2669
2677,2677,2670
2678,2678,2671
2679,2679,2672
2680,2680,2673
2681,2681,2674
2682,2682,2675
2683,2683,2676
2684,2684,2677
2685,2685,2678
2686,2686,2679
2687,2687,2680
2688,2688,2681
2689,2689,2682
2690,2690,2683
2691,2691,2684
2692,2692,2685
2693,2693,2686
2694,2694,2687
2695,2695,2688
2696,2696,2689
2697,2697,2690
2698,2698,2691
2699,2699,2692
2700,2700,2693
2701,2701,2694
2702,2702,2695
2703,2703,2696
2704,2704,2697
2705,2705,2698
2706,2706,2699
2707,2707,2700
2708,2708,2701
2709,2709,2702
2710,2710,2703
2711,2711,2704
2712,2712,2705
2713,2713,2706
2714,2714,2707
2715,2715,2708
2716,2716,2709
2717,2717,2710
2718,2718,2711
2719,2719,2712
2720,2720,2713
2721,2721,2714
2722,2722,2715
2723,2723,2716
2724,2724,2717
2725,2725,2718
2726,2726,2719
2727,2727,2720
2728,2728,2721
2729,2729,2722
2730,2730,2723
2731,2731,2724
2732,2732,2725
2733,2733,2726
2734,2734,2727
2735,2735,2728
2736,2736,2729
2737,2737,2730
2738,2738,2731
2739,2739,2732
2740,2740,2733
2741,2741,2734
2742,2742,2735
2743,2743,2736
2744,2744,2737
2745,2745,2738
2746,2746,2739
2747,2747,2740
2748,2748,2741
2749,2749,2742
2750,2750,2743
2751,2751,2744
2752,2752,2745
2753,2753,2746
2754,2754,2747
2755,2755,2748
2756,2756,2749
2757,2757,2750
2758,2758,2751
2759,2759,2752
2760,2760,2753
2761,2761,2754
2762,2762,2755
2763,2763,2756
2764,2764,2757
2765,2765,2758
2766,2766,2759
2767,2767,2760
2768,2768,2761
2769,2769,2762
2770,2770,2763
2771,2771,2764
2772,2772,2765
2773,2773,2766
2774,2774,2767
2775,2775,2768
2776,2776,2769
2777,2777,2770
2778,2778,2771
2779,2779,2772
2780,2780,2773
2781,2781,2774
2782,2782,2775
2783,2783,2776
2784,2784,2777
2785,2785,2778
2786,2786,2779
2787,2787,2780
2788,2788,2781
2789,2789,2782
2790,2790,2783
2791,2791,2784
2792,2792,2785
2793,2793,2786
2794,2794,2787
2795,2795,2788
2796,2796,2789
2797,2797,2790
2798,2798,2791
2799,2799,2792
2800,2800,2793
2801,2801,2794
2802,2802,2795
2803,2803,2796
2804,2804,2797
2805,2805,2798
2806,2806,2799
2807,2807,2800
2808,2808,2801
2809,2809,2802
2810,2810,2803
2811,2811,2804
2812,2812,2805
2813,2813,2806
2814,2814,2807
2815,2815,2808
2816,2816,2809
2817,2817,2810
2818,2818,2811
2819,2819,2812
2820,2820,2813
2821,2821,2814
2822,2822,2815
2823,2823,2816
2824,2824,2817
2825,2825,2818
2826,2826,2819
2827,2827,2820
2828,2828,2821
2829,2829,2822
2830,2830,2823
2831,2831,2824
2832,2832,2825
2833,2833,2826
2834,2834,2827
2835,2835,2828
2836,2836,2829
2837,2837,2830
2838,2838,2831
2839,2839,2832
2840,2840,2833
2841,2841,2834
2842,2842,2835
2843,2843,2836
2844,2844,2837
2845,2845,2838
2846,2846,2839
2847,2847,2840
2848,2848,2841
2849,2849,2842
2850,2850,2843
2851,2851,2844
2852,2852,2845
2853,2853,2846
2854,2854,2847
2855,2855,2848
2856,2856,2849
2857,2857,2850
2858,2858,2851
2859,2859,2852
2860,2860,2853
2861,2861,2854
2862,2862,2855
2863,2863,2856
2864,2864,2857
2865,2865,2858
2866,2866,2859
2867,2867,2860
2868,2868,2861
2869,2869,2862
2870,2870,2863
2871,2871,2864
2872,2872,2865
2873,2873,2866
2874,2874,2867
2875,2875,2868
2876,2876,2869
2877,2877,2870
2878,2878,2871
2879,2879,2872
2880,2880,2873
2881,2881,2874
2882,2882,2875
2883,2883,2876
2884,2884,2877
2885,2885,2878
2886,2886,2879
2887,2887,2880
2888,2888,2881
2889,2889,2882
2890,2890,2883
2891,2891,2884
2892,2892,2885
2893,2893,2886
2894,2894,2887
2895,2895,2888
2896,2896,2889
2897,2897,2890
2898,2898,2891
2899,2899,2892
2900,2900,2893
2901,2901,2894
2902,2902,2895
2903,2903,2896
2904,2904,2897
2905,2905,2898
2906,2906,2899
2907,2907,2900
2908,2908,2901
2909,2909,2902
2910,2910,2903
2911,2911,2904
2912,2912,2905
2913,2913,2906
2914,2914,2907
2915,2915,2908
2916,2916,2909
2917,2917,2910
2918,2918,2911
2919,2919,2912
2920,2920,2913
2921,2921,2914
2922,2922,2915
2923,2923,2916
2924,2924,2917
2925,2925,2918
2926,2926,2919
2927,2927,2920
2928,2928,2921
2929,2929,2922
2930,2930,2923
2931,2931,2924
2932,2932,2925
2933,2933,2926
2934,2934,2927
2935,2935,2928
2936,2936,2929
2937,2937,2930
2938,2938,2931
2939,2939,2932
2940,2940,2933
2941,2941,2934
2942,2942,2935
2943,2943,2936
2944,2944,2937
2945,2945,2938
2946,2946,2939
2947,2947,2940
2948,2948,2941
2949,2949,2942
2950,2950,2943
2951,2951,2944
2952,2952,2945
2953,2953,2946
2954,2954,2947
2955,2955,2948
2956,2956,2949
2957,2957,2950
2958,2958,2951
2959,2959,2952
2960,2960,2953
2961,2961,2954
2962,2962,2955
2963,2963,2956
2964,2964,2957
2965,2965,2958
2966,2966,2959
2967,2967,2960
2968,2968,2961
2969,2969,2962
2970,2970,2963
2971,2971,2964
2972,2972,2965
2973,2973,2966
2974,2974,2967
2975,2975,2968
2976,2976,2969
2977,2977,2970
2978,2978,2971
2979,2979,2972
2980,2980,2973
2981,2981,2974
2982,2982,2975
2983,2983,2976
2984,2984,2977
2985,2985,2978
2986,2986,2979
2987,2987,2980
2988,2988,2981
2989,2989,2982
2990,2990,2983
2991,2991,2984
2992,2992,2985
2993,2993,2986
2994,2994,2987
2995,2995,2988
2996,2996,2989
2997,2997,2990
2998,2998,2991
2999,2999,2992
3000,3000,2993
3001,3001,2994
3002,3002,2995
3003,3003,2996
3004,3004,2997
3005,3005,2998
3006,3006,2999
3007,3007,3000
3008,3008,3001
3009,3009,3002
3010,3010,3003
3011,3011,3004
3012,3012,3005
3013,3013,3006
3014,3014,3007
3015,3015,3008
3016,3016,3009
3017,3017,3010
3018,3018,3011
3019,3019,3012
3020,3020,3013
3021,3021,3014
3022,3022,3015
3023,3023,3016
3024,3024,3017
3025,3025,3018
3026,3026,3019
3027,3027,3020
3028,3028,3021
3029,3029,3022
3030,3030,3023
3031,3031,3024
3032,3032,3025
3033,3033,3026
3034,3034,3027
3035,3035,3028
3036,3036,3029
3037,3037,3030
3038,3038,3031
3039,3039,3032
3040,3040,3033
3041,3041,3034
3042,3042,3035
3043,3043,3036
3044,3044,3037
3045,3045,3038
3046,3046,3039
3047,3047,3040
3048,3048,3041
3049,3049,3042
3050,3050,3043
3051,3051,3044
3052,3052,3045
3053,3053,3046
3054,3054,3047
3055,3055,3048
3056,3056,3049
3057,3057,3050
3058,3058,3051
3059,3059,3052
3060,3060,3053
3061,3061,3054
3062,3062,3055
3063,3063,3056
3064,3064,3057
3065,3065,3058
3066,3066,3059
3067,3067,3060
3068,3068,3061
3069,3069,3062
3070,3070,3063
3071,3071,3064
3072,3072,3065
3073,3073,3066
3074,3074,3067
3075,3075,3068
3076,3076,3069
3077,3077,3070
3078,3078,3071
3079,3079,3072
3080,3080,3073
3081,3081,3074
3082,3082,3075
3083,3083,3076
3084,3084,3077
3085,3085,3078
3086,3086,3079
3087,3087,3080
3088,3088,3081
3089,3089,3082
3090,3090,3083
3091,3091,3084
3092,3092,3085
3093,3093,3086
3094,3094,3087
3095,3095,3088
3096,3096,3089
3097,3097,3090
3098,3098,3091
3099,3099,3092
3100,3100,3093
3101,3101,3094
3102,3102,3095
3103,3103,3096
3104,3104,3097
3105,3105,3098
3106,3106,3099
3107,3107,3100
3108,3108,3101
3109,3109,3102
3110,3110,3103
3111,3111,3104
3112,3112,3105
3113,3113,3106
3114,3114,3107
3115,3115,3108
3116,3116,3109
3117,3117,3110
3118,3118,3111
3119,3119,3112
3120,3120,3113
3121,3121,3114
3122,3122,3115
3123,3123,3116
3124,3124,3117
3125,3125,3118
3126,3126,3119
3127,3127,3120
3128,3128,3121
3129,3129,3122
3130,3130,3123
3131,3131,3124
3132,3132,3125
3133,3133,3126
3134,3134,3127
3135,3135,3128
3136,3136,3129
3137,3137,3130
3138,3138,3131
3139,3139,3132
3140,3140,3133
3141,3141,3134
3142,3142,3135
3143,3143,3136
3144,3144,3137
3145,3145,3138
3146,3146,3139
3147,3147,3140
3148,3148,3141
3149,3149,3142
3150,3150,3143
3151,3151,3144
3152,3152,3145
3153,3153,3146
3154,3154,3147
3155,3155,3148
3156,3156,3149
3157,3157,3150
3158,3158,3151
3159,3159,3152
3160,3160,3153
3161,3161,3154
3162,3162,3155
3163,3163,3156
3164,3164,3157
3165,3165,3158
3166,3166,3159
3167,3167,3160
3168,3168,3161
3169,3169,3162
3170,3170,3163
3171,3171,3164
3172,3172,3165
3173,3173,3166
3174,3174,3167
3175,3175,3168
3176,3176,3169
3177,3177,3170
3178,3178,3171
3179,3179,3172
3180,3180,3173
3181,3181,3174
3182,3182,3175
3183,3183,3176
3184,3184,3177
3185,3185,3178
3186,3186,3179
3187,3187,3180
3188,3188,3181
3189,3189,3182
3190,3190,3183
3191,3191,3184
3192,3192,3185
3193,3193,3186
3194,3194,3187
3195,3195,3188
3196,3196,3189
3197,3197,3190
3198,3198,3191
3199,3199,3192
3200,3200,3193
3201,3201,3194
3202,3202,3195
3203,3203,3196
3204,3204,3197
3205,3205,3198
3206,3206,3199
3207,3207,3200
3208,3208,3201
3209,3209,3202
3210,3210,3203
3211,3211,3204
3212,3212,3205
3213,3213,3206
3214,3214,3207
3215,3215,3208
3216,3216,3209
3217,3217,3210
3218,3218,3211
3219,3219,3212
3220,3220,3213
3221,3221,3214
3222,3222,3215
3223,3223,3216
3224,3224,3217
3225,3225,3218
3226,3226,3219
3227,3227,3220
3228,3228,3221
3229,3229,3222
3230,3230,3223
3231,3231,3224
3232,3232,3225
3233,3233,3226
3234,3234,3227
3235,3235,3228
3236,3236,3229
3237,3237,3230
3238,3238,3231
3239,3239,3232
3240,3240,3233
3241,3241,3234
3242,3242,3235
3243,3243,3236
3244,3244,3237
3245,3245,3238
3246,3246,3239
3247,3247,3240
3248,3248,3241
3249,3249,3242
3250,3250,3243
3251,3251,3244
3252,3252,3245
3253,3253,3246
3254,3254,3247
3255,3255,3248
3256,3256,3249
3257,3257,3250
3258,3258,3251
3259,3259,3252
3260,3260,3253
3261,3261,3254
3262,3262,3255
3263,3263,3256
3264,3264,3257
3265,3265,3258
3266,3266,3259
3267,3267,3260
3268,3268,3261
3269,3269,3262
3270,3270,3263
3271,3271,3264
3272,3272,3265
3273,3273,3266
3274,3274,3267
3275,3275,3268
3276,3276,3269
3277,3277,3270
3278,3278,3271
3279,3279,3272
3280,3280,3273
3281,3281,3274
3282,3282,3275
3283,3283,3276
3284,3284,3277
3285,3285,3278
3286,3286,3279
3287,3287,3280
3288,3288,3281
3289,3289,3282
3290,3290,3283
3291,3291,3284
3292,3292,3285
3293,3293,3286
3294,3294,3287
3295,3295,3288
3296,3296,3289
3297,3297,3290
3298,3298,3291
3299,3299,3292
3300,3300,3293
3301,3301,3294
3302,3302,3295
3303,3303,3296
3304,3304,3297
3305,3305,3298
3306,3306,3299
3307,3307,3300
3308,3308,3301
3309,3309,3302
3310,3310,3303
3311,3311,3304
3312,3312,3305
3313,3313,3306
3314,3314,3307
3315,3315,3308
3316,3316,3309
3317,3317,3310
3318,3318,3311
3319,3319,3312
3320,3320,3313
3321,3321,3314
3322,3322,3315
3323,3323,3316
3324,3324,3317
3325,3325,3318
3326,3326,3319
3327,3327,3320
3328,3328,3321
3329,3329,3322
3330,3330,3323
3331,3331,3324
3332,3332,3325
3333,3333,3326
3334,3334,3327
3335,3335,3328
3336,3336,3329
3337,3337,3330
3338,3338,3331
3339,3339,3332
3340,3340,3333
3341,3341,3334
3342,3342,3335
3343,3343,3336
3344,3344,3337
3345,3345,3338
3346,3346,3339
3347,3347,3340
3348,3348,3341
3349,3349,3342
3350,3350,3343
3351,3351,3344
3352,3352,3345
3353,3353,3346
3354,3354,3347
3355,3355,3348
3356,3356,3349
3357,3357,3350
3358,3358,3351
3359,3359,3352
3360,3360,3353
3361,3361,3354
3362,3362,3355
3363,3363,3356
3364,3364,3357
3365,3365,3358
3366,3366,3359
3367,3367,3360
3368,3368,3361
3369,3369,3362
3370,3370,3363
3371,3371,3364
3372,3372,3365
3373,3373,3366
3374,3374,3367
3375,3375,3368
3376,3376,3369
3377,3377,3370
3378,3378,3371
3379,3379,3372
3380,3380,3373
3381,3381,3374
3382,3382,3375
3383,3383,3376
3384,3384,3377
3385,3385,3378
3386,3386,3379
3387,3387,3380
3388,3388,3381
3389,3389,3382
3390,3390,3383
3391,3391,3384
3392,3392,3385
3393,3393,3386
3394,3394,3387
3395,3395,3388
3396,3396,3389
3397,3397,3390
3398,3398,3391
3399,3399,3392
3400,3400,3393
3401,3401,3394
3402,3402,3395
3403,3403,3396
3404,3404,3397
3405,3405,3398
3406,3406,3399
3407,3407,3400
3408,3408,3401
3409,3409,3402
3410,3410,3403
3411,3411,3404
3412,3412,3405
3413,3413,3406
3414,3414,3407
3415,3415,3408
3416,3416,3409
3417,3417,3410
3418,3418,3411
3419,3419,3412
3420,3420,3413
3421,3421,3414
3422,3422,3415
3423,3423,3416
3424,3424,3417
3425,3425,3418
3426,3426,3419
3427,3427,3420
3428,3428,3421
3429,3429,3422
3430,3430,3423
3431,3431,3424
3432,3432,3425
3433,3433,3426
3434,3434,3427
3435,3435,3428
3436,3436,3429
3437,3437,3430
3438,3438,3431
3439,3439,3432
3440,3440,3433
3441,3441,3434
3442,3442,3435
3443,3443,3436
3444,3444,3437
3445,3445,3438
3446,3446,3439
3447,3447,3440
3448,3448,3441
3449,3449,3442
3450,3450,3443
3451,3451,3444
3452,3452,3445
3453,3453,3446
3454,3454,3447
3455,3455,3448
3456,3456,3449
3457,3457,3450
3458,3458,3451
3459,3459,3452
3460,3460,3453
3461,3461,3454
3462,3462,3455
3463,3463,3456
3464,3464,3457
3465,3465,3458
3466,3466,3459
3467,3467,3460
3468,3468,3461
3469,3469,3462
3470,3470,3463
3471,3471,3464
3472,3472,3465
3473,3473,3466
3474,3474,3467
3475,3475,3468
3476,3476,3469
3477,3477,3470
3478,3478,3471
3479,3479,3472
3480,3480,3473
3481,3481,3474
3482,3482,3475
3483,3483,3476
3484,3484,3477
3485,3485,3478
3486,3486,3479
3487,3487,3480
3488,3488,3481
3489,3489,3482
3490,3490,3483
3491,3491,3484
3492,3492,3485
3493,3493,3486
3494,3494,3487
3495,3495,3488
3496,3496,3489
3497,3497,3490
3498,3498,3491
3499,3499,3492
3500,3500,3493
3501,3501,3494
3502,3502,3495
3503,3503,3496
3504,3504,3497
3505,3505,3498
3506,3506,3499
3507,3507,3500
3508,3508,3501
3509,3509,3502
3510,3510,3503
3511,3511,3504
3512,3512,3505
3513,3513,3506
3514,3514,3507
3515,3515,3508
3516,3516,3509
3517,3517,3510
3518,3518,3511
3519,3519,3512
3520,3520,3513
3521,3521,3514
3522,3522,3515
3523,3523,3516
3524,3524,3517
3525,3525,3518
3526,3526,3519
3527,3527,3520
3528,3528,3521
3529,3529,3522
3530,3530,3523
3531,3531,3524
3532,3532,3525
3533,3533,3526
3534,3534,3527
3535,3535,3528
3536,3536,3529
3537,3537,3530
3538,3538,3531
3539,3539,3532
3540,3540,3533
3541,3541,3534
3542,3542,3535
3543,3543,3536
3544,3544,3537
3545,3545,3538
3546,3546,3539
3547,3547,3540
3548,3548,3541
3549,3549,3542
3550,3550,3543
3551,3551,3544
3552,3552,3545
3553,3553,3546
3554,3554,3547
3555,3555,3548
3556,3556,3549
3557,3557,3550
3558,3558,3551
3559,3559,3552
3560,3560,3553
3561,3561,3554
3562,3562,3555
3563,3563,3556
3564,3564,3557
3565,3565,3558
3566,3566,3559
3567,3567,3560
3568,3568,3561
3569,3569,3562
3570,3570,3563
3571,3571,3564
3572,3572,3565
3573,3573,3566
3574,3574,3567
3575,3575,3568
3576,3576,3569
3577,3577,3570
3578,3578,3571
3579,3579,3572
3580,3580,3573
3581,3581,3574
3582,3582,3575
3583,3583,3576
3584,3584,3577
3585,3585,3578
3586,3586,3579
3587,3587,3580
3588,3588,3581
3589,3589,3582
3590,3590,3583
3591,3591,3584
3592,3592,3585
3593,3593,3586
3594,3594,3587
3595,3595,3588
3596,3596,3589
3597,3597,3590
3598,3598,3591
3599,3599,3592
3600,3600,3593
3601,3601,3594
3602,3602,3595
3603,3603,3596
3604,3604,3597
3605,3605,3598
3606,3606,3599
3607,3607,3600
3608,3608,3601
3609,3609,3602
3610,3610,3603
3611,3611,3604
3612,3612,3605
3613,3613,3606
3614,3614,3607
3615,3615,3608
3616,3616,3609
3617,3617,3610
3618,3618,3611
3619,3619,3612
3620,3620,3613
3621,3621,3614
3622,3622,3615
3623,3623,3616
3624,3624,3617
3625,3625,3618
3626,3626,3619
3627,3627,3620
3628,3628,3621
3629,3629,3622
3630,3630,3623
3631,3631,3624
3632,3632,3625
3633,3633,3626
3634,3634,3627
3635,3635,3628
3636,3636,3629
3637,3637,3630
3638,3638,3631
3639,3639,3632
3640,3640,3633
3641,3641,3634
3642,3642,3635
3643,3643,3636
3644,3644,3637
3645,3645,3638
3646,3646,3639
3647,3647,3640
3648,3648,3641
3649,3649,3642
3650,3650,3643
3651,3651,3644
3652,3652,3645
3653,3653,3646
3654,3654,3647
3655,3655,3648
3656,3656,3649
3657,3657,3650
3658,3658,3651
3659,3659,3652
3660,3660,3653
3661,3661,3654
3662,3662,3655
3663,3663,3656
3664,3664,3657
3665,3665,3658
3666,3666,3659
3667,3667,3660
3668,3668,3661
3669,3669,3662
3670,3670,3663
3671,3671,3664
3672,3672,3665
3673,3673,3666
3674,3674,3667
3675,3675,3668
3676,3676,3669
3677,3677,3670
3678,3678,3671
3679,3679,3672
3680,3680,3673
3681,3681,3674
3682,3682,3675
3683,3683,3676
3684,3684,3677
3685,3685,3678
3686,3686,3679
3687,3687,3680
3688,3688,3681
3689,3689,3682
3690,3690,3683
3691,3691,3684
3692,3692,3685
3693,3693,3686
3694,3694,3687
3695,3695,3688
3696,3696,3689
3697,3697,3690
3698,3698,3691
3699,3699,3692
3700,3700,3693
3701,3701,3694
3702,3702,3695
3703,3703,3696
3704,3704,3697
3705,3705,3698
3706,3706,3699
3707,3707,3700
3708,3708,3701
3709,3709,3702
3710,3710,3703
3711,3711,3704
3712,3712,3705
3713,3713,3706
3714,3714,3707
3715,3715,3708
3716,3716,3709
3717,3717,3710
3718,3718,3711
3719,3719,3712
3720,3720,3713
3721,3721,3714
3722,3722,3715
3723,3723,3716
3724,3724,3717
3725,3725,3718
3726,3726,3719
3727,3727,3720
3728,3728,3721
3729,3729,3722
3730,3730,3723
3731,3731,3724
3732,3732,3725
3733,3733,3726
3734,3734,3727
3735,3735,3728
3736,3736,3729
3737,3737,3730
3738,3738,3731
3739,3739,3732
3740,3740,3733
3741,3741,3734
3742,3742,3735
3743,3743,3736
3744,3744,3737
3745,3745,3738
3746,3746,3739
3747,3747,3740
3748,3748,3741
3749,3749,3742
3750,3750,3743
3751,3751,3744
3752,3752,3745
3753,3753,3746
3754,3754,3747
3755,3755,3748
3756,3756,3749
3757,3757,3750
3758,3758,3751
3759,3759,3752
3760,3760,3753
3761,3761,3754
3762,3762,3755
3763,3763,3756
3764,3764,3757
3765,3765,3758
3766,3766,3759
3767,3767,3760
3768,3768,3761
3769,3769,3762
3770,3770,3763
3771,3771,3764
3772,3772,3765
3773,3773,3766
3774,3774,3767
3775,3775,3768
3776,3776,3769
3777,3777,3770
3778,3778,3771
3779,3779,3772
3780,3780,3773
3781,3781,3774
3782,3782,3775
3783,3783,3776
3784,3784,3777
3785,3785,3778
3786,3786,3779
3787,3787,3780
3788,3788,3781
3789,3789,3782
3790,3790,3783
3791,3791,3784
3792,3792,3785
3793,3793,3786
3794,3794,3787
3795,3795,3788
3796,3796,3789
3797,3797,3790
3798,3798,3791
3799,3799,3792
3800,3800,3793
3801,3801,3794
3802,3802,3795
3803,3803,3796
3804,3804,3797
3805,3805,3798
3806,3806,3799
3807,3807,3800
3808,3808,3801
3809,3809,3802
3810,3810,3803
3811,3811,3804
3812,3812,3805
3813,3813,3806
3814,3814,3807
3815,3815,3808
3816,3816,3809
3817,3817,3810
3818,3818,3811
3819,3819,3812
3820,3820,3813
3821,3821,3814
3822,3822,3815
3823,3823,3816
3824,3824,3817
3825,3825,3818
3826,3826,3819
3827,3827,3820
3828,3828,3821
3829,3829,3822
3830,3830,3823
3831,3831,3824
3832,3832,3825
3833,3833,3826
3834,3834,3827
3835,3835,3828
3836,3836,3829
3837,3837,3830
3838,3838,3831
3839,3839,3832
3840,3840,3833
3841,3841,3834
3842,3842,3835
3843,3843,3836
3844,3844,3837
3845,3845,3838
3846,3846,3839
3847,3847,3840
3848,3848,3841
3849,3849,3842
3850,3850,3843
3851,3851,3844
3852,3852,3845
3853,3853,3846
3854,3854,3847
3855,3855,3848
3856,3856,3849
3857,3857,3850
3858,3858,3851
3859,3859,3852
3860,3860,3853
3861,3861,3854
3862,3862,3855
3863,3863,3856
3864,3864,3857
3865,3865,3858
3866,3866,3859
3867,3867,3860
3868,3868,3861
3869,3869,3862
3870,3870,3863
3871,3871,3864
3872,3872,3865
3873,3873,3866
3874,3874,3867
3875,3875,3868
3876,3876,3869
3877,3877,3870
3878,3878,3871
3879,3879,3872
3880,3880,3873
3881,3881,3874
3882,3882,3875
3883,3883,3876
3884,3884,3877
3885,3885,3878
3886,3886,3879
3887,3887,3880
3888,3888,3881
3889,3889,3882
3890,3890,3883
3891,3891,3884
3892,3892,3885
3893,3893,3886
3894,3894,3887
3895,3895,3888
3896,3896,3889
3897,3897,3890
3898,3898,3891
3899,3899,3892
3900,3900,3893
3901,3901,3894
3902,3902,3895
3903,3903,3896
3904,3904,3897
3905,3905,3898
3906,3906,3899
3907,3907,3900
3908,3908,3901
3909,3909,3902
3910,3910,3903
3911,3911,3904
3912,3912,3905
3913,3913,3906
3914,3914,3907
3915,3915,3908
3916,3916,3909
3917,3917,3910
3918,3918,3911
3919,3919,3912
3920,3920,3913
3921,3921,3914
3922,3922,3915
3923,3923,3916
3924,3924,3917
3925,3925,3918
3926,3926,3919
3927,3927,3920
3928,3928,3921
3929,3929,3922
3930,3930,3923
3931,3931,3924
3932,3932,3925
3933,3933,3926
3934,3934,3927
3935,3935,3928
3936,3936,3929
3937,3937,3930
3938,3938,3931
3939,3939,3932
3940,3940,3933
3941,3941,3934
3942,3942,3935
3943,3943,3936
3944,3944,3937
3945,3945,3938
3946,3946,3939
3947,3947,3940
3948,3948,3941
3949,3949,3942
3950,3950,3943
3951,3951,3944
3952,3952,3945
3953,3953,3946
3954,3954,3947
3955,3955,3948
3956,3956,3949
3957,3957,3950
3958,3958,3951
3959,3959,3952
3960,3960,3953
3961,3961,3954
3962,3962,3955
3963,3963,3956
3964,3964,3957
3965,3965,3958
3966,3966,3959
3967,3967,3960
3968,3968,3961
3969,3969,3962
3970,3970,3963
3971,3971,3964
3972,3972,3965
3973,3973,3966
3974,3974,3967
3975,3975,3968
3976,3976,3969
3977,3977,3970
3978,3978,3971
3979,3979,3972
3980,3980,3973
3981,3981,3974
3982,3982,3975
3983,3983,3976
3984,3984,3977
3985,3985,3978
3986,3986,3979
3987,3987,3980
3988,3988,3981
3989,3989,3982
3990,3990,3983
3991,3991,3984
3992,3992,3985
3993,3993,3986
3994,3994,3987
3995,3995,3988
3996,3996,3989
3997,3997,3990
3998,3998,3991
3999,3999,3992
4000,4000,3993
4001,4001,3994
4002,4002,3995
4003,4003,3996
4004,4004,3997
4005,4005,3998
4006,4006,3999
4007,4007,4000
4008,4008,4001
4009,4009,4002
4010,4010,4003
4011,4011,4004
4012,4012,4005
4013,4013,4006
4014,4014,4007
4015,4015,4008
4016,4016,4009
4017,4017,4010
4018,4018,4011
4019,4019,4012
4020,4020,4013
4021,4021,4014
4022,4022,4015
4023,4023,4016
4024,4024,4017
4025,4025,4018
4026,4026,4019
4027,4027,4020
4028,4028,4021
4029,4029,4022
4030,4030,4023
4031,4031,4024
4032,4032,4025
4033,4033,4026
4034,4034,4027
4035,4035,4028
4036,4036,4029
4037,4037,4030
4038,4038,4031
4039,4039,4032
4040,4040,4033
4041,4041,4034
4042,4042,4035
4043,4043,4036
4044,4044,4037
4045,4045,4038
4046,4046,4039
4047,4047,4040
4048,4048,4041
4049,4049,4042
4050,4050,4043
4051,4051,4044
4052,4052,4045
4053,4053,4046
4054,4054,4047
4055,4055,4048
4056,4056,4049
4057,4057,4050
4058,4058,4051
4059,4059,4052
4060,4060,4053
4061,4061,4054
4062,4062,4055
4063,4063,4056
4064,4064,4057
4065,4065,4058
4066,4066,4059
4067,4067,4060
4068,4068,4061
4069,4069,4062
4070,4070,4063
4071,4071,4064
4072,4072,4065
4073,4073,4066
4074,4074,4067
4075,4075,4068
4076,4076,4069
4077,4077,4070
4078,4078,4071
4079,4079,4072
4080,4080,4073
4081,4081,4074
4082,4082,4075
4083,4083,4076
4084,4084,4077
4085,4085,4078
4086,4086,4079
4087,4087,4080
4088,4088,4081
4089,4089,4082
4090,4090,4083
4091,4091,4084
4092,4092,4085
4093,4093,4086
4094,4094,4087
4095,4095,4088
4096,4096,4089
4097,4097,4090
4098,4098,4091
4099,4099,4092
4100,4100,4093
4101,4101,4094
4102,4102,4095
4103,4103,4096
4104,4104,4097
4105,4105,4098
4106,4106,4099
4107,4107,4100
4108,4108,4101
4109,4109,4102
4110,4110,4103
4111,4111,4104
4112,4112,4105
4113,4113,4106
4114,4114,4107
4115,4115,4108
4116,4116,4109
4117,4117,4110
4118,4118,4111
4119,4119,4112
4120,4120,4113
4121,4121,4114
4122,4122,4115
4123,4123,4116
4124,4124,4117
4125,4125,4118
4126,4126,4119
4127,4127,4120
4128,4128,4121
4129,4129,4122
4130,4130,4123
4131,4131,4124
4132,4132,4125
4133,4133,4126
4134,4134,4127
4135,4135,4128
4136,4136,4129
4137,4137,4130
4138,4138,4131
4139,4139,4132
4140,4140,4133
4141,4141,4134
4142,4142,4135
4143,4143,4136
4144,4144,4137
4145,4145,4138
4146,4146,4139
4147,4147,4140
4148,4148,4141
4149,4149,4142
4150,4150,4143
4151,4151,4144
4152,4152,4145
4153,4153,4146
4154,4154,4147
